TOKYO,Tokyoite
JAKARTA,Jakartan
New York,New Yorker
SEOUL,Seoulite
MANILA,Manileno
Mumbai,Mumbaikar
Sao Paulo,Paulistano
MEXICO CITY,Chilango
Delhi,Delhiite
Osaka,Osakan
CAIRO,Cairene
Kolkata,Kolkatan
Los Angeles,Angeleno
Shanghai,Shanghainese
MOSCOW,Muscovite
BEIJING,Beijinger
BUENOS AIRES,Porteno
Guangzhou,Cantonese
Shenzhen,Shenzhener
Istanbul,Istanbulite
Rio de Janeiro,Carioca
PARIS,Parisian
Karachi,Karachiite
Nagoya,Nagoyan
Chicago,Chicagoan
Lagos,Lagosian
LONDON,Londoner
BANGKOK,Bangkokian
KINSHASA,Kinshasan
TEHRAN,Tehrani
LIMA,Limeno
Dongguan,Dongguanese
BOGOTA,Bogotano
Chennai,Chennaite
DHAKA,Dhakaite
Essen,Essener
Tianjin,Tianjinese
HONG KONG,Hong Konger
Taipei,Taipeier
Lahore,Lahori
Ho Chi Minh City,Saigonese
Bangalore,Bangalorean
Hyderabad,Hyderabadi
Johannesburg,Joburger
BAGHDAD,Baghdadi
Toronto,Torontonian
SANTIAGO,Santiaguino
KUALA LUMPUR,Kuala Lumpurite
San Francisco,San Franciscan
Philadelphia,Philadelphian
Wuhan,Wuhanese
Miami,Miamian
Dallas,Dallasite
MADRID,Madrilenian
Ahmedabad,Ahmedabadi
Boston,Bostonian
Belo Horizonte,Belo Horizontino
KHARTOUM,Khartoumer
Saint Petersburg,Petersburgian
Shenyang,Shenyanger
Houston,Houstonian
Pune,Punekar
RIYADH,Riyadhian
SINGAPORE,Singaporean
WASHINGTON,Washingtonian
Yangon,Yangonite
Milan,Milanese
Atlanta,Atlantan
Chongqing,Chongqinger
Alexandria,Alexandrian
Nanjing,Nanjinger
Guadalajara,Tapatio
Barcelona,Barcelonian
Chengdu,Chengdunese
Detroit,Detroiter
ANKARA,Ankarali
Abidjan,Abidjanais
ATHENS,Athenian
BERLIN,Berliner
Sydney,Sydneysider
Monterrey,Monterreyan
Phoenix,Phoenician
Busan,Busanite
Recife,Recifense
Bandung,Bandungese
Porto Alegre,Porto-Alegrense
Melbourne,Melburnian
LUANDA,Luandan
Hangzhou,Hangzhounese
ALGIERS,Algerian
Ha Noi,Hanoian
Montreal,Montrealer
Xi'an,Xi'anese
PYONGYANG,Pyongyanger
Qingdao,Qingdaonese
Surat,Surati
Fortaleza,Fortalezense
Medellin,Paisa
Durban,Durbanite
Kanpur,Kanpuri
ADDIS ABABA,Addis Ababan
NAIROBI,Nairobian
Jeddah,Jeddawi
Naples,Neapolitan
KABUL,Kabuli
Salvador,Soteropolitano
Harbin,Harbiner
Kano,Kanawa
Casablanca,Casablancais
CAPE TOWN,Capetonian
Curitiba,Curitibano
Surabaya,Surabayan
San Diego,San Diegan
Seattle,Seattleite
ROME,Roman
Dar es Salaam,Dar es Salaamer
Taichung,Taichunger
Jaipur,Jaipurite
CARACAS,Caraqueno
DAKAR,Dakarois
Kaohsiung,Kaohsiungese
Minneapolis,Minneapolitan
Lucknow,Lucknowite
AMMAN,Ammani
Tel Aviv-Yafo,Tel Avivian
Guayaquil,Guayaquileno
KYIV,Kyivan
Faisalabad,Faislabadi
Mashhad,Mashhadi
Izmir,Izmirian
Rawalpindi,Rawalpindian
TASHKENT,Tashkentite
Katowice,Katowician
Changchun,Changchuner
Campinas,Campineiro
Daegu,Daeguer
Changsha,Changshan
Nagpur,Nagpurian
San Juan,San Juanite
Aleppo,Aleppan
LISBON,Lisboner
Frankfurt am Main,Frankfurter
Nanchang,Nanchanger
Birmingham,Birminghamian
Tampa,Tampian
Medan,Medanian
Dalian,Dalianer
TUNIS,Tunisian
Shijiazhuang,Shijiazhuanger
Manchester,Mancunian
PORT-AU-PRINCE,Port-au-Princian
DAMASCUS,Damascene
Ji'nan,Jinanese
Fukuoka,Fukuokan
SANTO DOMINGO,Dominican
HAVANA,Havanan
Cali,Caliite
Denver,Denverite
St. Louis,St. Louisan
Colombo,Colomboite
Dubai,Dubaian
Baltimore,Baltimorean
Sapporo,Sapporite
Rotterdam,Rotterdamer
Vancouver,Vancouverite
Preston,Prestonian
Patna,Patnaiite
SANA'A,Sanaani
WARSAW,Varsovian
Bonn,Bonner
ACCRA,Accran
BUCHAREST,Bucharester
Yokohama,Yokohaman
Kunming,Kunmingese
Guiyang,Guiyangese
Zibo,Ziboner
Incheon,Incheonite
Zhengzhou,Zhengzhounese
Taiyuan,Taiyuaner
Chaoyang,Chaoyanger
BRASILIA,Brasiliense
Zhongshan,Zhongshaner
West Midlands,West Midlander
Giza,Gizan
Quezon City,Quezonian
Nanhai,Nanhaier
Fuzhou,Fuzhouite
Lanzhou,Lanzhouer
Xiamen,Xiamener
Chittagong,Chittagonian
Zaozhuang,Zaozhuanger
Jilin,Jiliner
Linyi,Linyian
Wenzhou,Wenzhouer
STOCKHOLM,Stockholmer
Puebla de Zaragoza,Pueblan
Puning,Puninger
BAKU,Bakuvian
Ibadan,Ibadanite
Brisbane,Brisbanite
MINSK,Minsker
Sikasso,Sikassonian
Nanchong,Nanchonger
Nanning,Nanningese
Urumqi,Urumqier
Yantai,Yantaier
Fuyang,Fuyanger
Tangshan,Tangshaner
Maracaibo,Maracaibero
Hamburg,Hamburger
BUDAPEST,Budapestian
Shunde,Shundian
Manaus,Manauaran
Xuzhou,Xuzhouer
Segou,Segueen
Baotou,Baotouer
Hefei,Hefeier
VIENNA,Viennese
Indore,Indorean
ASUNCION,Paraguayan
Tianmen,Tianmener
BELGRADE,Belgradian
Suzhou,Suzhounese
Suizhou,Suizhouer
Nanyang,Nanyanger
Nakuru,Nakuruan
Koulikoro,Koulikoroan
Ningbo,Ningboer
Liuan,Liuaner
Anshan,Anshaner
Tengzhou,Tengzhouer
Qiqihaer,Qiqihaerian
Pizhou,Pizhouer
Taian,Taianer
Datong,Datonger
Kobe,Kober
Hama,Hamian
Esfahan,Esfahanian
TRIPOLI,Tripolitan
West Yorkshire,West Yorkshireman
Vadodara,Vadodaraite
Taizhou,Taizhouer
Luoyang,Luoyanger
QUITO,Quitenian
Jinjiang,Jinjianger
Mopti,Moptian
Perth,Perthian
Daejeon,Daejeoner
Kyoto,Kyotoite
Xiantao,Xiantaoer
Tangerang,Tangeranger
Bhopal,Bhopali
Coimbatore,Coimbatorian
Kharkiv,Kharkiver
Gwangju,Gwangjuite
Xinghua,Xinghuaer
HARARE,Hararian
Fushun,Fushuner
Shangqiu,Shangqiuer
Belem,Belemite
Wuxi,Wuxian
Hechuan,Hechuaner
Wujin,Wujiner
Guigang,Guiganger
Jianyang,Jianyanger
Huhehaote,Huhehaoteer
Santa Cruz,Santa Cruzan
Semarang,Semaranger
Ludhiana,Ludhianan
Novosibirsk,Novosibirskian
Neijiang,Neijianger
MAPUTO,Maputian
Nan'an,Nan'aner
Douala,Doualan
Weifang,Weifanger
Daqing,Daqinger
Kayes,Kayesian
Tongzhou,Tongzhouer
Tabriz,Tabrizian
Homs,Homsi
Rugao,Rugaoer
Guiping,Guipingan
Huainan,Huainaner
Kochi,Kochian
Suining,Suininger
Bozhou,Bozhouer
Zhanjiang,Zhanjianger
Changde,Changdeer
MONTEVIDEO,Montevidean
Suzhou,Suzhounese
Xintai,Xintaian
Ekaterinoburg,Ekaterinoburger
Juarez,Juareno
Handan,Handaner
Visakhapatnam,Visakhapatnamian
Kawasaki,Kawasakian
Jiangjin,Jiangjiner
Pingdu,Pingduer
Agra,Agran
Jiangyin,Jiangyiner
Tijuana,Tijuanense
Liuyang,Liuyanger
Bursa,Bursan
Al-Hasakeh,Al-Hasakehian
Makkah,Makkahan
YAOUNDE,Yaoundean
Xuanwei,Xuanweian
Dengzhou,Dengzhouer
Palembang,Palembanger
Nizhny Novgorod,Nizhny Novgorodian
Leon,Leonese
Guarulhos,Guarulhense
Heze,Hezeer
Auckland,Aucklander
Omdurman,Omdurmanite
Shantou,Shantouer
Leizhou,Leizhouer
Yongcheng,Yongchengian
Valencia,Valencian
Thane,Thanean
San Antonio,San Antonian
Xinyang,Xinyanger
Luzhou,Luzhouer
Almaty,Almatian
Changshu,Changshuer
Taixing,Taixinger
PHNOM PENH,Phnom Penher
Laiwu,Laiwuer
Xiaoshan,Xiaoshaner
Yiyang,Yiyanger
Goiania,Goianiense
Liuzhou,Liuzhouer
Gaozhou,Gaozhounian
Fengcheng,Fengchenger
Cixi,Cixian
Karaj,Karaji
MOGADISHU,Mogadishan
Varanasi,Varanasian
Cordoba,Cordoban
KAMPALA,Kampalan
Ruian,Ruianer
Lianjiang,Lianjianger
Huaian,Huaianer
Shiraz,Shirazi
Multan,Multani
Madurai,Maduraian
Munchen,Munchner
Kalyan,Kalyani
Quanzhou,Quanzhouer
Adana,Adanali
Bazhong,Bazhonger
Fes,Fassi
OUAGADOUGOU,Ouagadougouian
Haicheng,Haichenger
Xishan,Xishaner
Leiyang,Leiyanger
Caloocan,Caloocanite
Kalookan,Kalookanite
Jingzhou,Jingzhounian
Saitama,Saitaman
PRAGUE,Praguer
Fuqing,Fuqingnese
Kumasi,Kumasian
Meerut,Meeruti
Hyderabad,Hyderabadi
Lufeng,Lufenger
Dongtai,Dongtaier
Yixing,Yixinger
Mianyang,Mianyanger
Wenling,Wenlinger
Leqing,Leqinger
OTTAWA,Ottawan
Yushu,Yushuan
Barranquilla,Barranquillero
Hiroshima,Hiroshiman
Chifeng,Chifenger
Nashik,Nashiker
Makasar,Makasarian
SOFIA,Sofian
Rizhao,Rizhaonese
Davao,Davaoeno
Tianshui,Tianshuian
Huzhou,Huzhouer
Samara,Samaran
Omsk,Omskian
Gujranwala,Gujranwalan
Adelaide,Adelaidian
Macheng,Machenger
Wuxian,Wuxianer
Bijie,Bijian
Yuzhou,Yuzhouer
Leshan,Leshaner
La Matanza,Matancero
Rosario,Rosarino
Jabalpur,Jabalpurian
Kazan,Kazanian
Jimo,Jimoner
Dingzhou,Dingzhouer
Calgary,Calgarian
YEREVAN,Yerevanian
El-Jadida,El-Jadidian
Jamshedpur,Jamshedpurer
Zurich,Zuricher
Zoucheng,Zouchenger
Pikine-Guediawaye,Pikinois
Anqiu,Anqiuer
Guang'an,Guang'aner
Chelyabinsk,Chelyabinskian
CONAKRY,Conakrian
Asansol,Asansoler
Shouguang,Shouguanger
Changzhou,Changzhouer
Ulsan,Ulsanian
Zhuji,Zhujian
Toluca,Toluqueno
Marrakech,Marrakechian
Dhanbad,Dhanbadian
TBILISI,Tbilisian
Hanchuan,Hanchuaner
LUSAKA,Lusakan
Qidong,Qidonger
Faridabad,Faridabader
Zaoyang,Zaoyanger
Zhucheng,Zhuchenger
Rostov-na-Donu,Rostovian
Jiangdu,Jiangduer
Xiangcheng,Xiangchenger
Zigong,Zigonger
Jining,Jininger
Edmonton,Edmontonian
Allahabad,Allahabadian
Beiliu,Beiliuer
Dnipropetrovsk,Dnipropetrovskian
Gongzhuling,Gongzhulinger
Qinzhou,Qinzhouer
Ufa,Ufan
Sendai,Sendain
Volgograd,Volgogradian
Ezhou,Ezhouer
GUATEMALA CITY,Guatemalan
Zhongxiang,Zhongxianger
AMSTERDAM,Amsterdamer
BRUSSELS,Brusselsian
Birmingham,Birminghamian
Meishan,Meishaner
Rui'an,Rui'aner
Kaiyuan,Kaiyuaner
Linyi,Linyian
Barnaul,Barnaulian
Jeju,Jejuite
Ghaziabad,Ghaziabadian
Yichun,Yichuner
Xinzhou,Xinzhouer
Zamboanga City,Zamboangueno
Durgapur,Durgapurer
Stockport,Stockportian
Xiangyang,Xiangyanger
Valenzuela,Valenzuelan
Yima,Yimaer
Zhangye,Zhangyeer
Rosario,Rosarino
Oran,Oranian
Akola,Akolan
Ankang,Ankanger
Nanyang,Nanyanger
Bokaro,Bokarorian
Nanded,Nandedian
Tiruchirappalli,Tiruchirappallian
Calicut,Calicutian
Qingzhou,Qingzhounian
Zhoukou,Zhoukouer
Antwerp,Antwerpian
Wuzhou,Wuzhouer
Naucalpan,Naucalpanian
Jamnagar,Jamnagarian
Yongzhou,Yongzhounian
Meizhou,Meizhouer
Varazdin,Varazdinite
Hancheng,Hanchenger
Danyang,Danyanger
Loudi,Loudian
Al-Qatif,Al-Qatifian
Gandhinagar,Gandhinagarian
Naihati,Naihatian
Novokuznetsk,Novokuznetskan
Xiangtan,Xiangtaner
Zaragoza,Zaragozan
Yueyang,Yueyanger
Jalgaon,Jalgaonian
KIGALI,Kigalian
Ife,Ifean
Tirunelveli,Tirunelvelian
Zarqa,Zarqanian
Faridabad,Faridabadian
Krasnoyarsk,Krasnoyarskian
Barcelona,Barcelonan
Changshu,Changshuer
Jingmen,Jingmenian
Guadalupe,Guadalupian
Jiaxing,Jiaxinger
Santa Ana,Santa Anan
Ha'il,Ha'ilian
Luoding,Luodinger
Datong,Datonger
Sri Jayawardenepura Kotte,Kottean
Vladivostok,Vladivostokian
Yixing,Yixinger
Petaling Jaya,Petaling Jayer
Jiaozuo,Jiaozuonese
Wollongong,Wollongongian
Linyi,Linyian
Luohe,Luoher
Gimcheon,Gimcheoner
KHAMIS MUSHAYT,Khamis Mushayti
Jos,Josian
City of Paranaque,Paranaqueno
Panzhihua,Panzhihuan
Newcastle,Novocastrian
Dhule,Dhuleite
Gumi,Gumin
Pingdingshan,Pingdingshanese
Miri,Mirian
Teresina,Teresinan
San Fernando,San Fernandian
Daejeon,Daejeoner
Xinmi,Xinmian
Pingxiang,Pingxianger
Xinpu,Xinpunian
Sao Bernardo do Campo,Sao Bernardoian
Cucuta,Cucuteno
San Miguel,San Miguelean
Qitaihe,Qitaiher
Tlaquepaque,Tlaquepaquense
Benxi,Benxian
Rongcheng,Rongchengian
Toulon,Toulonnais
Baoshan,Baoshaner
Ambattur,Ambatturian
Al-Raqqa,Al-Raqqai
Amroha,Amrohan
Maturin,Maturinian
Petropavlovsk-Kamchatsky,Petropavlovsk-Kamchatskian
Jiajiang,Jiajianger
Bhilai,Bhilaiwalian
Yingcheng,Yingchengian
Berbera,Berberan
Beipiao,Beipiaonese
Huazhou,Huazhounian
Bydgoszcz,Bydgoszczian
San Miguel de Tucuman,Tucumanian
Alor Setar,Alor Setarian
Navotas,Navoteno
Jamalpur,Jamalpuri
Larkana,Larkanai
Malegaon,Malegaoner
Liuan,Liuaner
Bien Hoa,Bien Hoan
Cimahi,Cimahian
Kikwit,Kikwitian
Jammu,Jammui
Kikuyu,Kikuyuan
Raurkela,Raurkelaian
Jizzakh,Jizzakhi
Gaza,Gazan
Kousseri,Kousserian
Asan,Asanite
Manado,Manadoan
Ichikawa,Ichikawan
Kakogawa,Kakogawan
Batangas City,Batangueno
Tomakomai,Tomakomaian
Kolwezi,Kolwezian
Abeokuta,Abeokutan
Bijapur,Bijapuri
Ube,Uban
Orsk,Orskian
Savannah,Savannahian
Murmansk,Murmanskan
Yantai,Yantaier
Amol,Amolian
Rahimyar Khan,Rahimyari
Qamishli,Qamishlin
Burgos,Burgalese
Ribeirao Preto,Ribeiraopretano
Pingliang,Pinglianger
Xalapa,Xalapan
Eluru,Eluruan
Anqiu,Anqiuer
Lilongwe,Lilongwean
Wad Madani,Wad Madanian
Baoji,Baojian
Suez,Suezi
Quthbullapur,Quthbullapuri
Akure,Akureite
Haeju,Haejun
Reno,Renonian
Murmansk,Murmanskan
Wuwei,Wuweian
Ikare,Ikarean
Yokkaichi,Yokkaichian
Batna,Batnan
Pachuca,Pachuqueno
Pekanbaru,Pekanbaruan
Rahim Yar Khan,Rahim Yar Khanian
Gatineau,Gatinois
Huanggang,Huangganger
Rahimyar Khan,Rahimyar Khani
Seremban,Serembanian
Zaoyang,Zaoyanger
Cleveland,Clevelander
Villahermosa,Villahermosan
Thoothukudi,Thoothukudian
Yangzhou,Yangzhouer
Wugang,Wugangese
Shuangyashan,Shuangyashanian
Kasugai,Kasugaian
Bengbu,Bengbuer
Grenoble,Grenoblois
Hengyang,Hengyanger
Tasek Gelugor,Tasek Gelugorian
Nadiad,Nadiadian
Cotabato City,Cotabateno
Haeju,Haejuite
Qinzhou,Qinzhouer
Kamensk-Uralsky,Kamensk-Uralskian
Sariwon,Sariwonite
Poznan,Poznanian
Kish,Kishi
Cagayan de Oro,Cagayan de Oronian
Kolhapur,Kolhapuri
Monteria,Monterian
Haeju,Haejuite
Latakia,Latakian
Lipetsk,Lipetskan
Wugang,Wugangnese
Hospet,Hospetian
Winnipeg,Winnipegian
Navotas,Navoteno
Halifax,Haligonian
Xianning,Xianninger
Sri Jayawardenepura Kotte,Kottean
Deir ez-Zor,Deir ez-Zorian
Baltimore,Baltimorean
Cochabamba,Cochabambino
Firozabad,Firozabadian
Gibraltar,Gibraltarian
Purnia,Purnian
Campeche,Campechano
Vasai-Virar,Vasai-Virarian
Rajahmundry,Rajahmundrian
Anlu,Anluer
Fuyu,Fuyuer
Bannu,Bannui
Yogyakarta,Yogyakartan
Hetauda,Hetaudan
Chaohu,Chaohuer
Karaganda,Karagandian
Miri,Mirian
Brampton,Bramptonian
Akola,Akolite
Santiago,Santiaguino
Halifax,Haligonian
Kashgar,Kashgarian
Wuhai,Wuhainese
Kramatorsk,Kramatorskian
Anqiu,Anqiuer
Baguio,Baguioan
Hejian,Hejianer
Tarsus,Tarsun
Poznan,Poznanian
Tagum,Tagumeno
Raichur,Raichurian
Imphal,Imphalian
Tongren,Tongrenese
Villanueva,Villanuevan
Rajapalayam,Rajapalayamian
Hermosillo,Hermosillense
Agadir,Agadiri
Bhalswa Jahangir Pur,Bhalswa Jahangir Puriian
Wanxian,Wanxianer
Warangal,Warangalian
Calbayog,Calbayognon
Cleveland,Clevelander
Edinburgh,Edinburger
Chonburi,Chonburian
Jeonju,Jeonjuite
Abeokuta,Abeokutan
Naga,Nagai
Haeju,Haejuite
Kursk,Kurskan
Sikar,Sikari
Bahraich,Bahraichi
Aswan,Aswani
Kisumu,Kisumian
Gaziantep,Gaziantepian
Almere,Almerian
Ambon,Ambonese
Bhilwara,Bhilwaran
Eskisehir,Eskisehirian
Linxia,Linxian
Piraeus,Piraeusian
Jiangyin,Jiangyiner
Tacna,Tacneno
Sekondi-Takoradi,Sekondian
Shimonoseki,Shimonosekian
Barrie,Barrian
Tiruvottiyur,Tiruvottiyurian
Asyut,Asyuti
Panihati,Panihatian
Ichikawa,Ichikawan
Cayenne,Cayennan
Mbeya,Mbeyan
Ichikawa,Ichikawan
Wendeng,Wendenger
Zhoukou,Zhoukouer
Wurzburg,Wurzburger
Tuticorin,Tuticorinian
Neiva,Neivan
Vancouver,Vancouverite
Abohar,Abohari
Ambattur,Ambatturian
Balkh,Balkhi
Yangjiang,Yangjianger
Kisangani,Kisanganian
Tabriz,Tabrizi
Nangloi Jat,Nangloi Jati
Ternopil,Ternopilian
Bournemouth,Bournemouthian
Ibague,Ibaguere
Xianning,Xianninger
El Obeid,El Obeidian
Shiraz,Shirazi
Nashik,Nashiker
Durgapur,Durgapurer
Qianjiang,Qianjianger
Palma,Palman
Jieyang,Jieyanger
Yingkou,Yingkouer
Palmas,Palman
Bharatpur,Bharatpurian
Bilaspur,Bilaspurian
Jiyuan,Jiyuaner
Pilibhit,Pilibhiti
Machala,Machaleno
Heraklion,Heraklionian
Raurkela,Raurkelaian
Newcastle,Novocastrian
Kisumu,Kisumian
Sao Jose dos Pinhais,Sao Josean
Oyo,Oyotan
Astrakhan,Astrakhani
Jabalpur,Jabalpurian
Baoshan,Baoshanian
Moreno Valley,Moreno Valleyite
Stavropol,Stavropolian
Biratnagar,Biratnagari
Phra Pradaeng,Phra Pradaengite
Bhimavaram,Bhimavaramian
Chisinau,Chisinauan
Warangal,Warangalian
Solapur,Solapurian
Copenhagen,Copenhagenite
Taiping,Taipingite
Wangqing,Wangqinger
Riyadh,Riyadhian
Kasukabe,Kasukabean
Khammam,Khammamite
Qian'an,Qian'aner
Pasig,Pasigeno
Azov,Azovian
Los Teques,Los Tequense
Saharanpur,Saharanpuri
Tirana,Tiranian
Baghlan,Baghlani
Cologne,Cologneian
Kokshetau,Kokshetauan
Yonkers,Yonkerian
Hakodate,Hakodatian
Murmansk,Murmanskan
Xintai,Xintaier
Eixample,Eixamplean
Hannover,Hannoverian
Arak,Araki
Aachen,Aachener
Bani Suwayf,Bani Suwayfi
Tabuk,Tabukian
Xinyi,Xinyian
Wenshan City,Wenshanite
Doboj,Dobojian
Kuantan,Kuantanite
Oxnard,Oxnardian
Xinmin,Xinminian
Pasadena,Pasadenan
Vellore,Vellorean
Surgut,Surgutian
Tangail,Tangailian
Zaria,Zarian
Abakan,Abakanian
Liuzhou,Liuzhouer
Tirupati,Tirupatian
Bardhaman,Bardhamanian
Richmond,Richmonder
Sorocaba,Sorocaban
Cherkasy,Cherkasian
Aden,Adeni
Bochum,Bochumer
Kunduz,Kunduzi
Santa Marta,Santa Martan
Kaduna,Kadunian
Tanta,Tantan
Purnea,Purneai
Dandong,Dandonger
Baltimore,Baltimorean
Bordeaux,Bordelais
Birjand,Birjandi
Jalna,Jalnai
Lyon,Lyonnais
Tlalnepantla,Tlalnepantlan
Feira de Santana,Feirense
Debrecen,Debrecenian
Kursk,Kurskan
Tanga,Tangani
Port Said,Port Saidian
Wendeng,Wendenger
Lancaster,Lancastrian
Changwon,Changwonite
Doha,Dohan
Dhule,Dhuleite
Fayetteville,Fayettevillian
Kolwezi,Kolwezian
Cayenne,Cayennan
Tarija,Tarijeno
Zurich,Zuricher
Yanji,Yanjian
Baghdad,Baghdadi
Kumamoto,Kumamoton
Nanping,Nanpinger
Nadiad,Nadiadian
Ternopil,Ternopilian
Gandhinagar,Gandhinagarian
Budapest,Budapestian
Niigata,Niigatan
Kolwezi,Kolwezian
Tongren,Tongrenese
Ujjain,Ujjaini
Shangqiu,Shangqiuer
Balkh,Balkhi
Meknes,Meknassi
Cauayan,Cauayanian
Xinyang,Xinyanger
Asmara,Asmaran
Dahuk,Dahuki
Nanchong,Nanchonger
Muzaffarnagar,Muzaffarnagari
Belgaum,Belgaumian
Kisangani,Kisanganian
Bishkek,Bishkekian
Izhevsk,Izhevskian
Ahmednagar,Ahmednagari
Pabna,Pabnai
Rostov-on-Don,Rostovian
Brescia,Brescian
Zurich,Zuricher
Dresden,Dresdener
Malolos,Maloleno
Lingyuan,Lingyuanner
North Shore,North Shoreite
Malaga,Malagueno
Villanueva,Villanuevan
Beihai,Beihainese
Elbasan,Elbasanian
Hapur,Hapuri
Iztapalapa,Iztapalapense
Milwaukee,Milwaukeean
Chishtian,Chishtianian
Wujiaqu,Wujiaquer
Fort Worth,Fort Worthian
Vila Velha,Vila Velhense
Ivanovo,Ivanovite
Jamnagar,Jamnagarian
Santa Clara,Santa Claran
Katowice,Katowician
Wenling,Wenlinger
Sokoto,Sokotian
Gujranwala,Gujranwalian
Cologne,Cologneian
Sakarya,Sakaryali
Jeonju,Jeonjuite
Santa Clara,Santa Claran
Chandler,Chandlerite
Songyuan,Songyuaner
Richmond,Richmonder
Tamale,Tamalian
Debrecen,Debrecenian
Zhoukou,Zhoukouer
Gaziantep,Gaziantepian
Kollam,Kollamer
Al Khubar,Al Khubarian
Kasukabe,Kasukabean
Tangail,Tangailian
Salta,Salteno
Tagum,Tagumeno
Baybay,Baybayan
Bulawayo,Bulawayan
Neiva,Neivan
Panihati,Panihatian
Zurich,Zuricher
Gorakhpur,Gorakhpuri
Zhaoqing,Zhaoqingese
Bordeaux,Bordelais
Chenzhou,Chenzhouer
Fukushima,Fukushiman
Cape Town,Capetonian
Brescia,Brescian
Turkistan,Turkistani
Phra Pradaeng,Phra Pradaengite
Ismailia,Ismailian
Reno,Renonian
Thiruvananthapuram,Thiruvananthapuramite
Bryansk,Bryanskan
Raurkela,Raurkelaian
Garoua,Garouan
Sagamihara,Sagamiharai
Omsk,Omskan
Sikasso,Sikassonian
Durgapur,Durgapurer
Dongying,Dongyinger
Johor Bahru,Johor Bahruan
Rostov-on-Don,Rostovian
Shaoxing,Shaoxinger
Yangjiang,Yangjianger
Wenshan City,Wenshanite
Zurich,Zuricher
Astrakhan,Astrakhani
Villanueva,Villanuevan
Jiaxing,Jiaxinger
Panihati,Panihatian
North Shore,North Shoreite
Campeche,Campechano
Nashik,Nashiker
Gibraltar,Gibraltarian
Loudi,Loudian
Durban,Durbanite
Glasgow,Glaswegian
Pimpri-Chinchwad,Pimpri-Chinchwadian
Panihati,Panihatian
Deir ez-Zor,Deir ez-Zorian
Rabat,Rabati
Malaga,Malagueno
Thane,Thaner
Sakai,Sakaian
Aguascalientes,Aguascalentian
Pathein,Patheiner
Kismayo,Kismayuan
Adiyaman,Adiyamanian
Cucuta,Cucuteno
Jeju,Jejuite
Tianshui,Tianshuier
Corrientes,Correntinian
Arak,Araki
Navi Mumbai,Navi Mumbaian
Bani Suwayf,Bani Suwayfi
Namangan,Namangani
Kisangani,Kisanganian
Osasco,Osascan
Akure,Akureite
Novosibirsk,Novosibirskian
Rabat,Rabati
Qazvin,Qazvini
Meknes,Meknassi
Duisburg,Duisburgian
Tongzhou,Tongzhouer
Meerut,Meeruti
Cabo Frio,Cabo Friense
Lipetsk,Lipetskan
Belgaum,Belgaumian
Mahesana,Mahesanian
Benin City,Benin Citian
Vilnius,Vilnian
Xinpu,Xinpunian
Chuzhou,Chuzhouer
Brest,Brestian
Nadiad,Nadiadian
Jalna,Jalnai
Ribeirao Preto,Ribeiraopretano
Santos,Santense
Doha,Dohan
Yingkou,Yingkouer
Adiyaman,Adiyamanian
Guntur,Gunturian
Bani Suwayf,Bani Suwayfi
Luhansk,Luhanskian
Mirzapur,Mirzapuri
Azov,Azovian
Zhoukou,Zhoukouer
Ujjain,Ujjaini
Kousseri,Kousserian
Tirana,Tiranian
Brampton,Bramptonian
Oaxaca,Oaxacan
Marseille,Marseillais
Yan'an,Yan'aner
Jieyang,Jieyanger
Bournemouth,Bournemouthian
Riga,Rigan
Abakan,Abakanian
Meknes,Meknassi
Biratnagar,Biratnagari
Kostroma,Kostroman
Karaj,Karaji
Copenhagen,Copenhagenite
Belem,Belenense
Kanazawa,Kanazawan
San Juan,San Juanian
Muzaffarnagar,Muzaffarnagari
Aalborg,Aalborgian
Utrecht,Utrechter
Zhangjiakou,Zhangjiakounese
Kabankalan,Kabankalanian
Bhavnagar,Bhavnagari
Latakia,Latakian
Al Hoceima,Al Hoceimian
Thoothukudi,Thoothukudian
Sumy,Sumyan
Malolos,Maloleno
Zhangye,Zhangyese
Namangan,Namangani
Brescia,Brescian
Jabalpur,Jabalpurian
Balurghat,Balurghati
Ryazan,Ryazanian
Kochi,Kochian
Braga,Bracarense
Bacoor,Bacoorian
Chiba,Chiban
Mannheim,Mannheimer
Xuanzhou,Xuanzhouite
Tangier,Tangierian
Gorakhpur,Gorakhpuri
Pasay,Pasayeno
Qazvin,Qazvini
Zurich,Zuricher
Sakarya,Sakaryali
Chiang Mai,Chiang Maiian
Wenshan City,Wenshanite
Guangshui,Guangshuier
Vasai-Virar,Vasai-Virarian
Samut Prakan,Samut Prakanian
Birjand,Birjandi
Lviv,Lvivian
Bahawalpur,Bahawalpuri
Udaipur,Udaipuri
Qom,Qomi
Queretaro,Queretaran
Port Elizabeth,Port Elizabethian
Huelva,Onubense
Anand,Anandi
Hiroshima,Hiroshiman
Aguascalientes,Aguascalentian
Valencia,Valencian
Pematangsiantar,Pematangsiantarian
Guangzhou,Guangzhouite
Azov,Azovian
El Jadida,El Jadidian
Mecca,Meccan
Tianshui,Tianshuier
Voronezh,Voronezhan
Quetta,Quettan
Kampala,Kampalan
Bordeaux,Bordelais
Qianjiang,Qianjianger
Elche,Elchian
Xi'an,Xi'aner
Amroha,Amrohi
Brest,Brestian
Benghazi,Benghazian
Oujda,Oujdi
Belfast,Belfastian
Oran,Oranian
Suez,Suezi
Los Teques,Los Tequense
Zhangjiajie,Zhangjiajier
Qiqihar,Qiqiharian
Coventry,Coventrian
Zhuzhou,Zhuzhouese
Nuremberg,Nurembergian
Muzaffarpur,Muzaffarpuri
Irvine,Irvinian
Panipat,Panipati
Douala,Doualan
Kabankalan,Kabankalanian
Bordeaux,Bordelais
El Jadida,El Jadidian
Batumi,Batumian
Tiruvannamalai,Tiruvannamalaian
Astrakhan,Astrakhani
Al Khubar,Al Khubarian
Allentown,Allentonian
Baguio,Baguioan
Nakhon Ratchasima,Nakhon Ratchasiman
Karaj,Karaji
Thane,Thaner
Sokoto,Sokotian
Kitwe,Kitwian
Toulouse,Toulousian
Astrakhan,Astrakhani
Seremban,Serembanian
Tangier,Tangierian
Suez,Suezi
Malaga,Malagueno
Talca,Talcano
Gdansk,Gdanskian
Vladivostok,Vladivostokian
Sorocaba,Sorocaban
Aurangabad,Aurangabadi
Barcelona,Barcelonian
Rabat,Rabati
Villanueva,Villanuevan
Taganrog,Taganrogian
Puebla,Pueblan
Copenhagen,Copenhagenite
Jiaxing,Jiaxinger
Abu Dhabi,Abu Dhabian
Bacolod,Bacolodnon
Richmond,Richmonder
Ahmednagar,Ahmednagari
Hue,Hueite
Chiclayo,Chiclayan
Yanji,Yanjian
Voronezh,Voronezhan
Bahraich,Bahraichi
Xiangyang,Xiangyangese
Tangier,Tangierian
Salta,Salteno
Kisumu,Kisumian
Sao Bernardo do Campo,Sao Bernardoan
Chittagong,Chittagonian
Suez,Suezi
Tlemcen,Tlemceni
Oshogbo,Oshogboite
Jamnagar,Jamnagarian
Omdurman,Omdurmian
Azov,Azovian
Xalapa,Xalapan
Makhachkala,Makhach
word,inhabitant
Africa,Africans
Antarctica,Antarcticans
Asia,Asians
Australia,Australians
Europe,Europeans
North America,North Americans
South America,South Americans
Central America,Central Americans
Americas,Americans
Oceania,Oceanians
Afghanistan,Afghans
Albania,Albanians
Algeria,Algerians
Andorra,Andorrans
Angola,Angolans
Antigua,Antiguans
Armenia,Armenians
Australia,Australians
Austria,Austrians
Barbuda,Barbudans
Belize,Belizeans
Bolivia,Bolivians
Bosnia and Herzegovina,Bosnians and Herzegovinians
Botswana,Botswanans
Brunei,Bruneians
Bulgaria,Bulgarians
Burundi,Burundians
Cambodia,Cambodians
Chile,Chileans
Colombia,Colombians
Costa Rica,Costa Ricans
Croatia,Croatians 
Cuba,Cubans
Czech Republic,Czechs
Dominican Republic,Dominicans
El Salvador,Salvadorans
Eritrea,Eritreans
Estonia,Estonians
Ethiopia,Ethiopians
Fiji,Fijian, Fijindians
Galatia,Galatians
Gambia,Gambians
Georgia,Georgians
Germany,Germans
Guatemala,Guatemalans
Guinea,Guineans
Haiti,Haitians
Honduras,Hondurans
Hungary,Hungarians
India,Indians
Indonesia,Indonesians
Jamaica,Jamaicans
Kenya,Kenyans
Kiribati,Kiribatians 
North Korea,North Koreans
South Korea,South Koreans
Kosovo,Kosovans 
Latvia,Latvians
Liberia,Liberians
Libya,Libyans
Lithuania,Lithuanians
Malawi,Malawians
Malaysia,Malaysians
Mali,Malians
Mauritania,Mauritanians
Mexico,Mexicans
Micronesia,Micronesians
Moldova,Moldovans
Mongolia,Mongolians 
Monaco,Monacans 
Morocco,Moroccans
Mozambique,Mozambicans
Myanmar,Myanmans 
Namibia,Namibians
Nauru,Nauruans
Nicaragua,Nicaraguans
Nigeria,Nigerians
North Macedonia,Macedonians
Palau,Palauans
Papua New Guinea,Papua New Guineans
Paraguay,Paraguayans
Persia,Persians
Puerto Rico,Puerto Ricans
Romania,Romanians
Russia,Russians
Rwanda,Rwandans 
Saint Lucia,Saint Lucians
Samoa,Samoans
Saudi Arabia,Saudi Arabians 
Serbia,Serbians 
Sierra Leone,Sierra Leoneans
Singapore,Singaporeans
Slovakia,Slovakians 
Slovenia,Slovenians 
South Africa,South Africans
Sri Lanka,Sri Lankans
St. Kitts and Nevis,Nevisians
Syria,Syrians
Tanzania,Tanzanians
Tonga,Tongans
Tunisia,Tunisians
Tuvalu,Tuvaluans
Uganda,Ugandans
Uruguay,Uruguayans
Vanuatu,Vanuatuans 
Venezuela,Venezuelans
Zambia,Zambians
Zimbabwe,Zimbabweans
Abkhazia,Abkhazians
Alaska,Alaskans
Alberta,Albertans
Algarve,Algarvians
Andalusia,Andalusians
Arizona,Arizonans
Arkansas,Arkansans
Asturias,Asturians
Bago Region,Bagoans
Bangka Island,Bangkans
Bavaria,Bavarians
Bay Of Plenty,Plentonians
Bohemia,Bohemians
Borneo,Borneans
British Columbia,British Columbians
Brittany,Bretons
California,Californians
Carinthia,Carinthians
Colorado,Coloradans
Corsica,Corsicans
Crete,Cretans
Crimea,Crimeans
Cumbria,Cumbrians
Dalmatia,Dalmatians
Delaware,Delawareans
District of Columbia,Washingtonians
Extremadura,Extremadurans
Florida,Floridans
Galicia,Galicians
Galilee,Galileans
Gaza Strip,Gazans
Georgia,Georgians
Hawaii,Hawaiians
Hebrides,Hebrideans
Idaho,Idahoans
Illinois,Illinoisans
Iowa,Iowans
Jakarta,Jakartans
Java,Javans
Johor,Johoreans
Judea,Judeans
Kansas,Kansans
Karelia,Karelians
Kayah State,Kayahans
Kedah,Kedahans
Kentucky,Kentuckians
Khyber Pakhtunkhwa,Pathans
Liguria,Ligurians
Louisiana,Louisianans
Madeira,Madeirans
Malacca,Malaccans
Majorca,Majorcans
Mandalay Region,Mandalayans
Manitoba,Manitobans
Masuria,Masurians
Menorca,Menorcans
Minnesota,Minnesotans
Mississippi,Mississippians
Missouri,Missourians
Moluccas,Moluccans
Montana,Montanans
Moravia,Moravians
Nebraska,Nebraskans
Nevada,Nevadans
New Jersey,New Jerseyans
New Mexico,New Mexicans
Normandy,Normans
North Dakota,North Dakotans
Northwest Territories,Northwest Territorians
Nova Scotia,Nova Scotians
Ohio,Ohioans
Oklahoma,Oklahomans
Ontario,Ontarians
Oregon,Oregonians
Otago,Otagans
Papua,Papuans
Patagonia,Patagonians
Pennsylvania,Pennsylvanians
Pomerania,Pomeranians
Samogitia,Samogitians
Sabah,Sabahans
Sardinia,Sardinians 
Saskatchewan,Saskatchewanians 
Silesia,Silesians
Slavonia,Slavonians
South Australia,South Australians
South Dakota,South Dakotans
Styria,Styrians
Sumatra,Sumatrans
Sumba,Sumbans
Sumbawa,Sumbawans
Syrmia,Syrmians
Tahiti,Tahitians
Tamil Nadu,Tamilan
Taranaki,Taranakians
Tasmania,Tasmanians 
Tennessee,Tennesseans
Texas,Texans
Thuringia,Thuringians
Transnistria,Transnistrians
Transylvania,Transylvanians
Umbria,Umbrians
Utah,Utahns 
Victoria,Victorians
Virginia,Virginians
Waikato,Waikatorians
Wake Island,Wakeans
Wallachia,Wallachians
Western Australia,Western Australians
West Papua,West Papuans
Westphalia,Westphalians
Aberdeen,Aberdonians
Adelaide,Adelaideans
Alexandria,Alexandrians
Albuquerque,Albuquerqueans 
Annapolis,Annapolitans
Atlanta,Atlantans
Baltimore,Baltimoreans
Bath,Bathonians
Bristol,Bristolians
Brockton,Brocktonians
Bogota,Bogotans
Canberra,Canberrans
Charlotte,Charlotteans
Chattanooga,Chattanoogans
Chicago,Chicagoans
Cincinnati,Cincinnatians
Clitheroe,Clitheronians
Coimbatore,Coimbatoreians
Coventry,Coventrians
Danu,Danuans
Derby,Derbeians
Dundee,Dundonians
El Paso,El Pasoans, El Pasenos
Galway,Galwegians
Glasgow,Glaswegians
Hanoi,Hanoians
Hobart,Hobartians
Indianapolis,Indianapolitans
Istanbul,Istanbulites
Izmir,Izmirians
Jakarta,Jakartans
Kalamazoo,Kalamazooans
Kyiv,Kyivans
Kolkata,Calcuttans
Las Vegas,Las Vegans
Liverpool,Liverpudlians
Madera,Maderans
Manchester,Mancunians
Manila,Manilans 
Mecca,Meccans
Medina,Medinans
Miami,Miamians
Milwaukee,Milwaukeeans
Minneapolis,Minneapolitans
Naypyidaw,Naypyidawans
Ngawi city,Ngawians
Oklahoma City,Oklahoma Cityans
Ottawa,Ottawans
Philadelphia,Philadelphians
Pisa,Pisans
Pueblo,Puebloans
Regina,Reginans
Riga,Rigans
Rome,Romans
Sacramento,Sacramentans
Salem,Salemians
San Antonio,San Antonians
San Diego,San Diegans
San Francisco,San Franciscans
San Jose,San Joseans
Sarasota,Sarasotans
Sioux City,Sioux Cityans
Springville,Springvillians
Sofia,Sofians
St. Louis,St. Louisans
Surabaya,Surabayans
Tauranga,Taurangians
Thebes,Thebans
Toledo,Toledoans
Tucson,Tucsonians, Tucsonans
Tulsa,Tulsans
Utica,Uticans
Valencia,Valencians
Vilnius,Vilnians
Waco,Wacoans
Yuma,Yumians
Argentina,Argentinians
Artsakh,Artsakhians
Azerbaijan,Azerbaijanians
Bahamas,Bahamians
Barbados,Barbadians
Belarus,Belarusians
Belgium,Belgians
Brazil,Brazilians
Cameroon,Cameroonians
Canada,Canadians
Cayman Islands,Caymanians
Chad,Chadians
Comoros,Comorians
Ecuador,Ecuadorians
Egypt,Egyptians
Ghana,Ghanaians
Gibraltar,Gibraltarians
Grenada,Grenadians
Iran,Iranians
Italy,Italians
Jordan,Jordanians
Laos,Laotians
Maldives,Maldivians
Palestine,Palestinians
Peru,Peruvians
Saint Vincent,Vincentians
Trinidad and Tobago,Trinidadians
Ukraine,Ukrainians
Aarhus,Aarhusians
Adelaide,Adelaidians
Alabama,Alabamians
Athens,Athenians
Ayeyarwady Region,Ayeyarwadians
Banat,Banatians
Ballarat,Ballaratians
Bareilly,Bareillian
Bengaluru,Bangloreans, Bengalurigaru
Banten,Bantenians 
Belgrade,Belgradians 
Bermuda,Bermudians 
Birmingham,Birminghamians
Blackburn,Blackburnians
Blackpool,Blackpudlians
Bangkok,Bangkokians
Boston,Bostonians
Bracknell,Bracknellians
Bradford,Bradfordians
Brighton,Brightonians
Brisbane,Brisbanians 
Bristol,Bristolians
Bukovina,Bukovinian
Burgundy,Burgundians
Calgary,Calgarians
Canary Islands,Canarians
Canterbury,Cantabrians
Castile,Castilians
Catalonia,Catalonians 
Cedar Rapids,Cedar Rapidians
Chelmsford,Chelmsfordians
Chester,Cestrians
Chin State,Chinians
Chittagong,Chittagonians
Christchurch,Christchurchians 
Cirebon,Cirebonians
Corinth,Corinthians
Coventry,Coventrians
Darwin,Darwinians
Dayton,Daytonians
Devon,Devonians
Duluth,Duluthians
Edmonton,Edmontonians
Florida,Floridians
Fort Worth,Fort Worthians
Fredericton,Frederictonians
Greenville,Greenvillians
Hamilton,Hamiltonians
Harrow,Harrovians
Hartlepool,Hartlepudlians
Hereford,Herefordians
Herzegovina,Herzegovinians
Hesse,Hessians
Hobart,Hobartians
Houston,Houstonians
Isles of Scilly,Scillonians
Iowa City,Iowa Citians
Jessup,Jessupians
Kachin State,Kachinians
Kansas City,Kansas Citians
Kentucky,Kentuckians
Kingston,Kingstonians
Labrador,Labradorians
Laguna,Lagunians 
Lancashire,Lancastrians
Lancaster,Lancastrians
Lesbos,Lesbians
Lethbridge,Lethbridgians
Lexington,Lexingtonians
Liverpool,Liverpudlians 
Louisiana,Louisianians 
Louisville,Louisvillians
Madison,Madisonians
Madrid,Madrilenians
Maharashtra,Maharashtrians 
McKinney,McKinnians
Melbourne,Melburnians
Memphis,Memphians
Michigan,Michiganians 
Mobile,Mobilian
Nelson,Nelsonians
New Guinea,New Guinians
New Orleans,New Orleanians
North Carolina,North Carolinians
Northern Territory,Territorians
Oregon,Oregonians
Paris,Parisians
Perlis,Perlisians
Perak,Perakians
Peterborough,Peterborians
Phoenix,Phoenicians
Plymouth,Plymothians
Port Harcourt,Harcourtians
Podgorica,Podgoricians
Prince George's County,Prince Georgians
Quezon (Tayabas),Quezonians
Rivers State,Riverians
Rochdale,Rochdalians
Rochester,Rochesterians
Rockwall,Rockwallians
Rockwall County,Rockwallians
Saint Petersburg,Saint Petersburgians 
Sarawak,Sarawakians
Saskatchewan,Saskatchewanians
Saskatoon,Saskatonians
Savannah,Savannahians
Shrewsbury,Salopians
Sicily,Sicilians
Solihull,Silhillians
South Carolina,South Carolinians
Stockport,Stopfordians
Swindon,Swindonians
Tanintharyi Region,Tanintharians
Tel Aviv,Tel Avivians
Telford,Telfordians
Thrace,Thracians
Towcester,Towcestrians
Truro,Truronians
Tuban,Tubanians
Tucson,Tucsonians
Vilnius,Vilnians
Washington,Washingtonians
Wellington,Wellingtonians
Wilmington,Wilmingtonians
Yukon,Yukonians
Guam,Guamanians
Mawlamyine,Mawlamanians
Bendigo,Bendigonians
Buffalo,Buffalonians
Cork,Corkonians
Manchester,Mancunians
Naga,Naganians
Panama,Panamanians
Sligo,Sligonians
Tampa,Tampanians
Tobago,Tobagonians
Toronto,Torontonians
Torquay,Torquinians
Trinidad and Tobago,Trinbagonians
Truro,Truronians
Wa,Wanians
Argentina,Argentines
Byzantium,Byzantines
Florence,Florentines
Gilbert Islands,Gilbertines
The Levant,Levantines
Montenegro,Montenegrins
Palatinate,Palatines
Philippines,Philippine, Filipino 
Philistia,Philistines
Quezon,Quezonins
Lucena,Lucenahins
Tayabas,Tayabasins 
Lucban,Lucbanins
Infanta,Infantahins
Sariaya,Sariayahins
Brgy. Isabang,Isabangin 
Brgy. Morong,Morongin
Bicol,Bicolanos
Cebu,Cebuanos
El Salvador,Salvadorenos 
New Mexico,Neomexicanos
Philippines,Filipinos
Albuquerque,Burquenos
Belo Horizonte,Belo-horizontinos
Buenos Aires,Portenos
Cainta,Caintenos
Cavite,Cavitenos
Daraga,Daraguenos
Davao City,Davaoenos
Iriga,Iriguenos
Legazpi,Legazpenos
Ligao,Ligaoenos
Los Angeles,Angelenos
Madrid,Madrilenos
Manila,Manilenos 
Masbate,Masbatenos
Naga,Naguenos
San Pablo,San Pablenos
Sao Paulo,Paulistanos
Tabaco,Tabaquenos
Tauranga,Taurangans
Zamboanga City,Zamboanguenos
Akron,Akronites
Ann Arbor,Ann Arborites
Austin,Austinites
Bagansiapiapi,Bagansiapiapites
Baku,Bakuvites
Bergen County,Bergenites
Boulder,Boulderites
Brisbane,Brisbanites
Bronx,Bronxites
Brooklyn,Brooklynites
Carson City,Carsonites
Chennai,Chennaiites
Dallas,Dallasites
Decatur,Decaturites
Delhi,Delhites
Denton,Dentonites
Denver,Denverites
Dhaka,Dhakaites 
Dubai,Dubaiites
Dunedin,Dunedinites
Durban,Durbanites
Erie,Erieites
Gaya,Gayaites
Guelph,Guelphites
Irmo,Irmites
Israel,Israelites 
Istanbul,Istanbulites
Jerusalem,Jerusalemites
Karachi,Karachiites
Kerala,Keralites
Kweyol,Kweyolites
Labuan Bajo,Labuan Bajoites
Leicester,Leicesterite
Manhattan,Manhattanites
Mon State,Monites
Moscow,Muscovites 
Montpelier,Montpelierites
Mumbai,Mumbaiites, Mumbaikars
New Hampshire,New Hampshirites
Norman,Normanites
Oban,Obanites
Odesa,Odesites
Pahang,Pahangite 
Patna,Patnaites
Penang,Penangite
Perth,Perthites 
Pullman,Pullmanites
Putney,Putneyites
Queens,Queensites
Reading,Readingites
Reno,Renoites
Ruskin,Ruskinites
Saint Paul,Saint Paulites
Salem,Salemites
Seattle,Seattleites
Seoul,Seoulites
Shiloh,Shilonites 
Shillong,Shillongite 
Smyrna,Smynite
Spokane,Spokanites
Sydney,Sydneyites 
Tokyo,Tokyoites
Vancouver,Vancouverites
Vizag,Vizagites
Warangal,Warangalites
Wenham,Wenhamites
Westchester County,Westchesterites
Whittier,Whittierites
Winston-Salem,Winston-Salemites
Wisconsin,Wisconsinites
Wrexham,Wrexhamites
Wyoming,Wyomingites
Yangon,Yangonites
Amsterdam,Amsterdammers
Auckland,Aucklanders
Bakersfield,Bakersfielder
Beijing,Beijingers
Belgrade,Belgraders
Bergen,Bergeners
Berlin,Berliners
Bucharest,Bucharesters
Budapest,Budapesters
Cleveland,Clevelanders
Cook Islands,Cook Islanders
Copenhagen,Copenhageners
Detroit,Detroiters
Dublin,Dubliners
Dresden,Dresdeners
Fife,Fifers
Frankfurt,Frankfurters
Greenland,Greenlanders 
Hamburg,Hamburgers
Hannover,Hannoveraners
Hong Kong,Hongkonger, Hong Kongers 
Iceland,Icelanders 
Kosovo[a],Kosovars 
Leeds,Loiners
Leipzig,Leipzigers
Liechtenstein,Liechtensteiners
Little Rock,Little Rockers
London,Londoners
Lorraine,Lorrainers
Luxembourg,Luxembourgers
Maine,Mainers
Maryland,Marylanders
Michigan,Michiganders
Montreal,Montrealers
Netherlands,Netherlanders 
New Brunswick,New Brunswickers
New England,New Englanders
New York,New Yorkers
New Zealand,New Zealanders 
Newfoundland,Newfoundlanders
Oakland,Oaklanders
Pangkal Pinang,Pangkalpinangers
Pittsburgh,Pittsburghers
Prague,Praguers
Prince Edward Island,Prince Edward Islander
Puntland,Puntlanders
Quebec,Quebeckers, Quebecers 
Queensland,Queenslanders
Rhineland,Rhinelanders
Rhode Island,Rhode Islanders
Rotterdam,Rotterdammers
Saigon,Saigoners
Solomon Islands,Solomon Islanders
Stockholm,Stockholmers
Stuttgart,Stuttgarters
Tallinn,Tallinners
Vermont,Vermonters
Winnipeg,Winnipeggers
Yellowknife,Yellowknifers
York (UK),Yorkers 
Yukon,Yukoners
Zurich,Zurichers
Aland,Alandish people 
Bangka Island,Bangkish
Britain,British people 
Cornwall,Cornish people 
Denmark,Danish people 
England,English people 
Finland,Finnish people 
Flanders,Flemish people 
Ireland,Irish people 
Kent,Kentish people
Kurdistan,Kurdish people 
Lombok,Lombokish people
Luxembourg,Luxembourgish people 
New South Wales,New South Welshmen
Niger,Nigerish 
Northern Ireland,Northern Irish people
Poland,Polish people 
Scotland,Scottish people 
Spain,Spanish people 
Sweden,Swedish people 
Turkey,Turkish people 
Wales,Welsh people 
Cairo,Cairenes
Cyrenaica,Cyrenes
Damascus,Damascenes
Nazareth,Nazarenes
Palmyra,Palmyrenes
Slovenia,Slovenes 
Kingston-upon-Hull,Hullensians
Leeds,Leodensians
Reading,Readingensians
Spain,Spaniards 
Savoy,Savoyards
Montagne,Montagnards
Shafter,Shaftards
Abruzzo,Abruzzese
Ajman,Ajmanese
Aragon,Aragonese
Aceh,Acehnese
Assam,Assamese
Bali,Balinese
Bengal,Bengalese
Benin,Beninese 
Bergen,Bergenese
Bern,Bernese
Bearn,Bearnese
Bhutan,Bhutanese
Bologna,Bolognese
Botswana,Botswanese
Burkina Faso,Burkinese 
Calabria,Calabrese
Cirebon,Cirebonese
China,Chinese
Congo,Congolese
Da Lat,Dalatese
East Timor,East Timorese
Faroe Islands,Faroese
Emirate of Fujairah,Fujairahnese
Gabon,Gabonese 
Genoa,Genovese, Genoese
Gilbert Islands,Gilbertese 
Grenadines,Grenadinese
Guangdong (Canton),Cantonese
Guyana,Guyanese
Hainan,Hainanese
Hong Kong,Hongkongese
Hunan,Hunanese
Japan,Japanese 
Java,Javanese 
Kawthaung,Kawthaunggese
Kelantan,Kelantanese
Kokang,Kokanggese
Lebanon,Lebanese
Leon,Leonese
London,Londonese
Macao,Macanese
Malta,Maltese
Manila,Manilese
Marshall,Marshallese
Milan,Milanese
Myanmar,Myanmari
Navarre,Navarrese
Negeri Sembilan,Negeri Sembilanese
Pahang,Pahangese 
Pa Laung,Palaunggese
Pa'O,Paonese
Piedmont,Piedmontese
Pittsburgh,Pittsburghese 
Portugal,Portuguese
Rakhine State,Arakanese
Ras Al Khaimah,Khaimahnese
Rwanda,Rwandese 
Saba,Sabanese
Sagaing Region,Sagainggese
San Marino,Sammarinese
Sark,Sarkese
Sassari,Sassarese
Senegal,Senegalese
Shan State,Shanese
Shanghai,Shanghaiese
Emirate of Sharjah,Sharjahnese
Siam,Siamese
Sikkim,Sikkimese
Sudan,Sudanian
Suriname,Surinamese
Swindon,Swindonese
Taiwan,Taiwanese
Taunggyi,Taunggese
Tegal,Tegalese
Togo,Togolese
Turin,Torinese
Umm Al Quwain,Quwainese
Vienna,Viennese
Vietnam,Vietnamese
Afghanistan,Afghanistanis 
Azerbaijan,Azerbaijanis 
Bahrain,Bahrainis
Bangladesh,Bangladeshis
Eswatini (Swaziland),Swazis, Swatis
Iraq,Iraqis
Israel,Israelis
Kazakhstan,Kazakhstanis 
Kurdistan,Kurdistanis 
Kuwait,Kuwaitis
Kyrgyzstan,Kyrgyzstanis 
Nepal,Nepalis 
Oman,Omanis
Pakistan,Pakistanis
Qatar,Qataris
Somalia,Somalis
Tajikistan,Tajikistanis 
Thailand,Thais
Trinidad and Tobago,Trini
Turkmenistan,Turkmenistanis 
United Arab Emirates,Emiratis
Uzbekistan,Uzbekistanis 
Yemen,Yemenis
Allahabad,Allahabadis
Azawad,Azawadis
Azra,Azragis
Balochistan,Balochistanis 
Barisal,Barisalis 
Beirut,Beirutis
Bangladesh,Bengalis
Bharat,Bharatiya
Bihar,Biharis
Birmingham (UK),Brummies
Dagestan,Dagestanis
Dhaka,Dhakaiya 
Faridabad,Faridabadis
Gujarat,Gujaratis 
Hazara,Hazaragis 
Hyderabad,Hyderabadis
Kerala,Malayalis 
Kumaon,Kumaonis 
Lahore,Lahoris
Punjab,Punjabis
Rajasthan,Rajasthanis
Rangpur,Rangpuris
Sindh,Sindhis
Sylhet,Sylhetis 
Tel Aviv,Tel Avivi 
Yorkshire,Yorkies 
Chios,Chiots
Corfu,Corfiots
Cyprus,Cypriots 
Phanar,Phanariotes
Greece,Greeks
Slovakia,Slovaks
Bergamo,Bergamasque
Menton,Mentonasque
Basque Country,Basque
Sanremo,Sanremasque
Dawei,Dawegians
Galloway,Galwegians
Galway,Galwegians
Glasgow,Glaswegians
Magway Region,Magwegians
Norway,Norwegians
Aberdeen,Aberdonians
Bath,Bathonians
Connacht,Connachtonians
Cork,Corkonians
Dundee,Dundonians
Halifax,Haligonians
Lesotho,Lesothonians
Newport,Newportonians
Oxford,Oxonians
Barrow-in-Furness,Barrovians
Harrow,Harrovians
Moose Jaw,Moose Javians
Oamaru,Oamaruvians
Oslo,Oslovians
Peru,Peruvians
Warsaw,Warsovians
Waterloo,Waterluvians
Wythenshawe,Wythenshavians
Benin,Beninois
Gabon,Gabonais
Seychelles,Seychellois
Quebec,Quebecois
Alsace,Alsatians 
Annapolis,Annapolitans
Argyll,Argathelians
Ashbourne,Ashburnians 
Cambridge,Cantabrigians
Canterbury,Cantabrians
Chester,Cestrians
Colchester,Colcestrians
Courland,Couronians 
Exeter,Exonians
Guernsey,Sarnians 
Halifax,Haligonian
Leeds,Leodensians 
Lviv,Leopolitans 
Manchester,Mancunians 
Melbourne,Melburnians 
Minneapolis,Minneapolitans
Naples,Neapolitans 
Newcastle,Novocastrians 
Orkney Islands,Orcadians 
Oswestry,Oswestrians 
Shropshire,Salopians 
Tripoli,Tripolitans 
Venice,Venetians
Wolverhampton,Wulfrunians